"Wavelength (nm)","Norm SNSPD Counts (dB)"
1538.4,-37.82198319181915
1538.41,-37.78133673078394
1538.42,-37.4398480679788
1538.43,-37.70681093119285
1538.44,-37.540787090832595
1538.45,-37.54845834650393
1538.46,-37.43242251273145
1538.47,-37.294872561949425
1538.48,-37.330393988018315
1538.49,-37.04601551764552
1538.5,-37.193079184881974
1538.51,-37.06531695389492
1538.52,-37.11032962070257
1538.5300000000002,-37.12445333743142
1538.5400000000002,-37.022615686977865
1538.5500000000002,-36.92035288525421
1538.5600000000002,-36.97440753287703
1538.5700000000002,-36.75459545039249
1538.5800000000002,-36.72753324622186
1538.5900000000001,-36.762162644214904
1538.6000000000001,-36.77743618902804
1538.6100000000001,-36.4887171597461
1538.6200000000001,-36.56860369609787
1538.63,-36.51948562240562
1538.64,-36.50280618505707
1538.65,-36.31236979728616
1538.66,-36.43745630126758
1538.67,-36.227358776769194
1538.68,-36.13958723117439
1538.69,-36.21494854804955
1538.7,-36.079755846133985
1538.71,-35.98512345639028
1538.72,-36.03392903923456
1538.73,-35.985209312067866
1538.74,-35.84068033216621
1538.75,-35.779406548735615
1538.76,-35.858417604097774
1538.77,-35.84025088912937
1538.7800000000002,-35.86284066860672
1538.7900000000002,-35.74717918483302
1538.8000000000002,-35.68567447300494
1538.8100000000002,-35.61288672285034
1538.8200000000002,-35.71591501818413
1538.8300000000002,-35.491251714268465
1538.8400000000001,-35.51046504617275
1538.8500000000001,-35.50867120856546
1538.8600000000001,-35.587071118451554
1538.8700000000001,-35.38157291143711
1538.88,-35.322632921818894
1538.89,-35.26099381549212
1538.9,-35.276313780735826
1538.91,-35.19841395509507
1538.92,-35.34649399444624
1538.93,-35.1551172725516
1538.94,-35.15860428323646
1538.95,-35.00755140135438
1538.96,-34.99353771884342
1538.97,-34.922336396120734
1538.98,-34.966830040596584
1538.99,-34.95194350542353
1539.,-34.84737182805982
1539.01,-34.83549894621114
1539.02,-34.68208998100602
1539.0300000000002,-34.784607059408486
1539.0400000000002,-34.721958124317965
1539.0500000000002,-34.67353729959253
1539.0600000000002,-34.6864770112323
1539.0700000000002,-34.578641599671734
1539.0800000000002,-34.4807653082667
1539.0900000000001,-34.4039894108651
1539.1000000000001,-34.347360919503686
1539.1100000000001,-34.26633253022163
1539.1200000000001,-34.22825628460745
1539.13,-34.46271824876581
1539.14,-34.28292622416728
1539.15,-34.20701090602031
1539.16,-34.10703452706656
1539.17,-34.17172078462512
1539.18,-34.07246974821931
1539.19,-34.161805285641805
1539.2,-34.01824496573386
1539.21,-34.02877228232485
1539.22,-33.90977625915679
1539.23,-33.9292274331132
1539.24,-33.89346187467451
1539.25,-33.877197813541116
1539.26,-33.94446477994032
1539.27,-33.837115774428035
1539.2800000000002,-33.8639767988617
1539.2900000000002,-33.67072067521565
1539.3000000000002,-33.693433886901
1539.3100000000002,-33.54995868365824
1539.3200000000002,-33.556877965533964
1539.3300000000002,-33.4775798697231
1539.3400000000001,-33.38485224032266
1539.3500000000001,-33.43567479351131
1539.3600000000001,-33.395147907871646
1539.3700000000001,-33.427222790861876
1539.38,-33.326165275655164
1539.39,-33.32063727996382
1539.4,-33.21037598225368
1539.41,-33.19971255646656
1539.42,-33.16399718586138
1539.43,-33.05212028514309
1539.44,-33.00480279365795
1539.45,-33.11575309446717
1539.46,-32.92779720719429
1539.47,-32.97057171457088
1539.48,-32.89914687053017
1539.49,-32.900659395030864
1539.5,-32.827236990991096
1539.51,-32.77337868064556
1539.52,-32.759103829132854
1539.5300000000002,-32.686073637274674
1539.5400000000002,-32.76017753091552
1539.5500000000002,-32.67040384308896
1539.5600000000002,-32.5030127820532
1539.5700000000002,-32.498400171331795
1539.5800000000002,-32.42860188662488
1539.5900000000001,-32.462414354493355
1539.6000000000001,-32.47886974070489
1539.6100000000001,-32.42371408753363
1539.6200000000001,-32.36583831712311
1539.63,-32.28955251932369
1539.64,-32.290737879719494
1539.65,-32.33542827361786
1539.66,-32.260520088996735
1539.67,-32.16423054937596
1539.68,-32.19441713988316
1539.69,-32.11190467235305
1539.7,-32.162997008697964
1539.71,-32.150081585886824
1539.72,-32.17446729589134
1539.73,-32.08422526870045
1539.74,-32.12248426015969
1539.75,-32.00035341869273
1539.76,-31.93712051708988
1539.77,-32.02915276733136
1539.7800000000002,-32.0311833708378
1539.7900000000002,-31.978449247455302
1539.8000000000002,-31.90564079707827
1539.8100000000002,-31.923643882914014
1539.8200000000002,-31.92306981909195
1539.8300000000002,-31.77456373527217
1539.8400000000001,-31.811339872201536
1539.8500000000001,-31.703048910056143
1539.8600000000001,-31.63005377959371
1539.8700000000001,-31.64747122718832
1539.88,-31.62176921381377
1539.89,-31.565135078072288
1539.9,-31.46781100803743
1539.91,-31.445578022976953
1539.92,-31.377542174926774
1539.93,-31.321362625845982
1539.94,-31.313223222230665
1539.95,-31.284586487408248
1539.96,-31.17170787716755
1539.97,-31.22133302940533
1539.98,-31.086252547996295
1539.99,-31.082515140026562
1540.,-31.01900677607292
1540.01,-30.933170449189685
1540.02,-30.874927212512727
1540.0300000000002,-30.780936162349178
1540.0400000000002,-30.781615009675292
1540.0500000000002,-30.817878538285978
1540.0600000000002,-30.73952374977349
1540.0700000000002,-30.772310830149586
1540.0800000000002,-30.683186340545724
1540.0900000000001,-30.76209000984862
1540.1000000000001,-30.66352430838675
1540.1100000000001,-30.6782114491187
1540.1200000000001,-30.565312636688915
1540.13,-30.508446232723877
1540.14,-30.460121037733767
1540.15,-30.502428334726616
1540.16,-30.449094602952847
1540.17,-30.365272936962132
1540.18,-30.470480462169984
1540.19,-30.448667868503783
1540.2,-30.366060294061036
1540.21,-30.32188163032599
1540.22,-30.351160905731767
1540.23,-30.46052052720366
1540.24,-30.349648345245413
1540.25,-30.43250953513048
1540.26,-30.35065166401935
1540.27,-30.39614258611449
1540.2800000000002,-30.396194423616173
1540.2900000000002,-30.348741904286246
1540.3000000000002,-30.320835655676298
1540.3100000000002,-30.313993532734806
1540.3200000000002,-30.303330778732832
1540.3300000000002,-30.361692951005015
1540.3400000000001,-30.437283658422103
1540.3500000000001,-30.337092581015014
1540.3600000000001,-30.247466243067826
1540.3700000000001,-30.212083395079272
1540.38,-30.179415373317042
1540.39,-30.148282673327472
1540.4,-30.119002690817712
1540.41,-30.144214112253138
1540.42,-30.057184324969807
1540.43,-30.084803443124134
1540.44,-30.02821281671812
1540.45,-30.071925450483548
1540.46,-30.077999019461174
1540.47,-30.041597016565945
1540.48,-29.973751497860977
1540.49,-29.92717943554431
1540.5,-29.954020384946446
1540.51,-29.992312382818945
1540.52,-29.92501141624881
1540.5300000000002,-29.99266940757989
1540.5400000000002,-29.946031891046175
1540.5500000000002,-29.95929594571068
1540.5600000000002,-29.990201571485823
1540.5700000000002,-30.105702010798918
1540.5800000000002,-30.147416457022985
1540.5900000000001,-30.202902245400107
1540.6000000000001,-30.238636863367812
1540.6100000000001,-30.433733419520458
1540.6200000000001,-30.555333888669196
1540.63,-30.729662251900706
1540.64,-30.99532167799182
1540.65,-31.151192342185933
1540.66,-31.40427114701142
1540.67,-31.807315433046703
1540.68,-32.13829727530566
1540.69,-32.74827276171601
1540.7,-33.22782378930518
1540.71,-34.036178304084416
1540.72,-34.932843441169524
1540.73,-36.15561102712877
1540.74,-37.39485818614198
1540.75,-39.67245451585265
1540.76,-44.21819632602538
1540.77,-46.47728130484406
1540.7800000000002,-49.77599009355498
1540.7900000000002,-50.77368064462349
1540.8000000000002,-45.85335426353626
1540.8100000000002,-42.04014672673128
1540.8200000000002,-39.63385957697397
1540.8300000000002,-37.54123726459168
1540.8400000000001,-36.03774108079452
1540.8500000000001,-35.10251139101142
1540.8600000000001,-34.0733451163092
1540.8700000000001,-33.21635894787236
1540.88,-32.510878022523514
1540.89,-32.00312827994219
1540.9,-31.656586145488088
1540.91,-31.084965241820743
1540.92,-30.68579241941642
1540.93,-30.35928767173919
1540.94,-30.033613723642315
1540.95,-29.757328984740884
1540.96,-29.55723830316476
1540.97,-29.365747533972154
1540.98,-29.146238645429108
1540.99,-29.011743898973442
1541.,-28.856515182956556
1541.01,-28.623126052035484
1541.02,-28.44526210393588
1541.0300000000002,-28.35265629665426
1541.0400000000002,-28.284992014574314
1541.0500000000002,-28.178192919545126
1541.0600000000002,-28.007693073489406
1541.0700000000002,-27.943064082516113
1541.0800000000002,-27.861124279739677
1541.0900000000001,-27.7457922386696
1541.1000000000001,-27.728517121804508
1541.1100000000001,-27.635419202950466
1541.1200000000001,-27.51174864589618
1541.13,-27.489502959868958
1541.14,-27.42946489011956
1541.15,-27.37297038548272
1541.16,-27.25240936313398
1541.17,-27.27594596055651
1541.18,-27.211396021734345
1541.19,-27.13574968623248
1541.2,-27.045923458621143
1541.21,-27.04139930744605
1541.22,-27.022812458563187
1541.23,-26.96408149914888
1541.24,-26.904406949924958
1541.25,-26.842467132959634
1541.26,-26.81726867729722
1541.27,-26.807474733699486
1541.2800000000002,-26.805793410065725
1541.2900000000002,-26.792291467162247
1541.3000000000002,-26.720475846905458
1541.3100000000002,-26.662560695313474
1541.3200000000002,-26.606460289357095
1541.3300000000002,-26.621203400452742
1541.3400000000001,-26.499933071668494
1541.3500000000001,-26.45948913836772
1541.3600000000001,-26.38105493952682
1541.3700000000001,-26.364845456357603
1541.38,-26.353823886567184
1541.39,-26.298307424179637
1541.4,-26.258065966345185
1541.41,-26.24405471417289
1541.42,-26.128060553015914
1541.43,-26.057495741206207
1541.44,-26.001403312943925
1541.45,-25.970439360752913
1541.46,-25.94802329960997
1541.47,-25.8988204836068
1541.48,-25.78619591380722
1541.49,-25.75043232864511
1541.5,-25.696721469380126
1541.51,-25.634593002196052
1541.52,-25.551809210887907
1541.5300000000002,-25.532575516019467
1541.5400000000002,-25.49447043358523
1541.5500000000002,-25.421525936006777
1541.5600000000002,-25.360193842042158
1541.5700000000002,-25.290296578181184
1541.5800000000002,-25.276784060466877
1541.5900000000001,-25.163013400481013
1541.6000000000001,-25.186283131410093
1541.6100000000001,-25.059504189352534
1541.6200000000001,-25.025110395540835
1541.63,-24.97729554230503
1541.64,-24.909774255589014
1541.65,-24.84407444152795
1541.66,-24.776448906330284
1541.67,-24.7325337616292
1541.68,-24.690573969213446
1541.69,-24.691959938649262
1541.7,-24.601680296581698
1541.71,-24.558889414137163
1541.72,-24.487034768226156
1541.73,-24.41538395720425
1541.74,-24.373469139670743
1541.75,-24.36372802724861
1541.76,-24.338403375310733
1541.77,-24.214773513812776
1541.7800000000002,-24.115857653131194
1541.7900000000002,-24.11139528460062
1541.8000000000002,-24.099389815575073
1541.8100000000002,-24.018811903721375
1541.8200000000002,-23.974255600003037
1541.8300000000002,-23.913162615107755
1541.8400000000001,-23.958852970145152
1541.8500000000001,-23.860735051868073
1541.8600000000001,-23.792858360450865
1541.8700000000001,-23.749674553336106
1541.88,-23.665034776311575
1541.89,-23.613814814314203
1541.9,-23.517019045940643
1541.91,-23.489339287457142
1541.92,-23.46572387033945
1541.93,-23.400291397012186
1541.94,-23.296785967814717
1541.95,-23.24611595625978
1541.96,-23.201810518993142
1541.97,-23.12666216836441
1541.98,-23.124329025675777
1541.99,-22.9954688909326
1542.,-22.92575223546248
1542.01,-22.859951002176942
1542.02,-22.72292826345382
1542.0300000000002,-22.730720346302647
1542.0400000000002,-22.635603432370615
1542.0500000000002,-22.58502704993292
1542.0600000000002,-22.55130486919108
1542.0700000000002,-22.405790618925494
1542.0800000000002,-22.333694131243217
1542.0900000000001,-22.27946011437766
1542.1000000000001,-22.1750552246816
1542.1100000000001,-22.16655759061801
1542.1200000000001,-22.04224124590581
1542.13,-21.952896090033633
1542.14,-21.871366422630537
1542.15,-21.83206037280896
1542.16,-21.79322324439226
1542.17,-21.719847679698127
1542.18,-21.619751126316626
1542.19,-21.553533577926434
1542.2,-21.430312672007858
1542.21,-21.339246868628496
1542.22,-21.293547396969
1542.23,-21.231968001639242
1542.24,-21.107303043225706
1542.25,-20.9657842483194
1542.26,-20.941231982467627
1542.27,-20.893163365933436
1542.2800000000002,-20.816131800574457
1542.2900000000002,-20.69692216329893
1542.3000000000002,-20.607229701199383
1542.3100000000002,-20.542141079598643
1542.3200000000002,-20.416219548130222
1542.3300000000002,-20.339234146810377
1542.3400000000001,-20.290895083969144
1542.3500000000001,-20.16536181811276
1542.3600000000001,-20.070385703192915
1542.3700000000001,-19.9993077554085
1542.38,-19.880728309324752
1542.39,-19.80510256636055
1542.4,-19.666760651682328
1542.41,-19.560790033890388
1542.42,-19.45581787600956
1542.43,-19.344152669778765
1542.44,-19.305301503074336
1542.45,-19.200895288325203
1542.46,-19.119780032210905
1542.47,-19.013715809853043
1542.48,-18.8643179426352
1542.49,-18.799853625326776
1542.5,-18.622905109179335
1542.51,-18.51085225446444
1542.52,-18.454055185107055
1542.5300000000002,-18.30508498485962
1542.5400000000002,-18.176371679401228
1542.5500000000002,-18.018290020545056
1542.5600000000002,-17.927743036092856
1542.5700000000002,-17.799950939249534
1542.5800000000002,-17.66151164753676
1542.5900000000001,-17.52632519556213
1542.6000000000001,-17.38956454717733
1542.6100000000001,-17.2674544201679
1542.6200000000001,-17.114912992058272
1542.63,-16.97152417319264
1542.64,-16.800063094834776
1542.65,-16.654417059426226
1542.66,-16.452379190328628
1542.67,-16.35403253740136
1542.68,-16.18646461175576
1542.69,-16.037187773157214
1542.7,-15.917036569411794
1542.71,-15.720620301805743
1542.72,-15.580141547517869
1542.73,-15.369800333875794
1542.74,-15.25326949740168
1542.75,-15.09320841603591
1542.76,-14.830448116624094
1542.77,-14.670368804870934
1542.7800000000002,-14.447121954103775
1542.7900000000002,-14.207365405596539
1542.8000000000002,-14.046959195848686
1542.8100000000002,-13.871193781648167
1542.8200000000002,-13.671650302010459
1542.8300000000002,-13.431398385044576
1542.8400000000001,-13.225484176860157
1542.8500000000001,-13.033126893379762
1542.8600000000001,-12.820495709045264
1542.8700000000001,-12.602057725670567
1542.88,-12.346163845117434
1542.89,-12.091533639104153
1542.9,-11.81018525923504
1542.91,-11.584334525373066
1542.92,-11.286598209199092
1542.93,-10.996571114361927
1542.94,-10.705993864572413
1542.95,-10.387011637456979
1542.96,-10.14771671639961
1542.97,-9.859078329700063
1542.98,-9.553080766562335
1542.99,-9.268905985974712
1543.,-8.928177875044174
1543.01,-8.666793811370837
1543.02,-8.341724671921419
1543.0300000000002,-8.005736196092734
1543.0400000000002,-7.668722319791371
1543.0500000000002,-7.299272424973723
1543.0600000000002,-6.970094907107425
1543.0700000000002,-6.662325509628219
1543.0800000000002,-6.396079407470097
1543.0900000000001,-6.16064846110782
1543.1000000000001,-5.975212384349579
1543.1100000000001,-5.761001699467013
1543.1200000000001,-5.5578985936316885
1543.13,-5.4435970083036045
1543.14,-5.408223586640869
1543.15,-5.36779491305079
1543.16,-5.371542069565006
1543.17,-5.449669372062738
1543.18,-5.592348751308171
1543.19,-5.802130929553729
1543.2,-6.058320862269639
1543.21,-6.386553269535618
1543.22,-6.695241290419084
1543.23,-6.999599366519017
1543.24,-7.275935988065902
1543.25,-7.616161777546346
1543.26,-7.919242460844059
1543.27,-8.249689852513862
1543.2800000000002,-8.646728903595404
1543.2900000000002,-8.992445966196668
1543.3000000000002,-9.329429527765761
1543.3100000000002,-9.693582370489235
1543.3200000000002,-10.038700792203786
1543.3300000000002,-10.365071600394307
1543.3400000000001,-10.714177755981138
1543.3500000000001,-11.107813515366427
1543.3600000000001,-11.463580263568215
1543.3700000000001,-11.774853554264247
1543.38,-12.10363179411409
1543.39,-12.453957691701216
1543.4,-12.685821005544984
1543.41,-12.960283284124694
1543.42,-13.26608574500429
1543.43,-13.575421512983791
1543.44,-13.841845462702887
1543.45,-14.059127946634252
1543.46,-14.334899171972094
1543.47,-14.546418220409851
1543.48,-14.884836446935754
1543.49,-15.16678863729273
1543.5,-15.372620402502397
1543.51,-15.656093789768356
1543.52,-15.856274781570479
1543.5300000000002,-16.0929024890534
1543.5400000000002,-16.27547354147209
1543.5500000000002,-16.538833133805962
1543.5600000000002,-16.770114565487482
1543.5700000000002,-16.966900686749472
1543.5800000000002,-17.157608176233094
1543.5900000000001,-17.387154475553587
1543.6000000000001,-17.609116830025254
1543.6100000000001,-17.78570965481198
1543.6200000000001,-17.978757918182314
1543.63,-18.190415721184966
1543.64,-18.384551335395717
1543.65,-18.59735422118227
1543.66,-18.81204877626732
1543.67,-18.95061311995289
1543.68,-19.14267417607294
1543.69,-19.30638630359105
1543.7,-19.5079022003415
1543.71,-19.628721776573606
1543.72,-19.787250733038455
1543.73,-19.99555862859389
1543.74,-20.123103888443268
1543.75,-20.33409844817386
1543.76,-20.50715722996429
1543.77,-20.68497979184921
1543.7800000000002,-20.815338085301242
1543.7900000000002,-20.957668019649944
1543.8000000000002,-21.121276182734036
1543.8100000000002,-21.305185382873116
1543.8200000000002,-21.455153395117897
1543.8300000000002,-21.57798145495018
1543.8400000000001,-21.749309461387117
1543.8500000000001,-21.872025385111662
1543.8600000000001,-22.039054934610025
1543.8700000000001,-22.188400648429692
1543.88,-22.329623106560717
1543.89,-22.499823520012953
1543.9,-22.610574722217883
1543.91,-22.71505135078021
1543.92,-22.836578577977612
1543.93,-23.07638815371838
1543.94,-23.187790367737918
1543.95,-23.384569937199227
1543.96,-23.44634918706221
1543.97,-23.597236290802147
1543.98,-23.772354745505563
1543.99,-23.845950908744847
1544.,-23.965923767327325
1544.01,-24.126457946855126
1544.02,-24.20249022679467
1544.0300000000002,-24.328583553666814
1544.0400000000002,-24.5523686063341
1544.0500000000002,-24.63432605038075
1544.0600000000002,-24.75093432435721
1544.0700000000002,-24.889426333875562
1544.0800000000002,-25.05401089460721
1544.0900000000001,-25.17121738755165
1544.1000000000001,-25.310674701913687
1544.1100000000001,-25.353835854355907
1544.1200000000001,-25.49250345120904
1544.13,-25.61771281394229
1544.14,-25.785334242340497
1544.15,-25.84589880555763
1544.16,-25.942741280569116
1544.17,-26.068987144508952
1544.18,-26.221934420946916
1544.19,-26.29879893435632
1544.2,-26.428211924170064
1544.21,-26.58725081413
1544.22,-26.65298003520769
1544.23,-26.7696057478257
1544.24,-26.886520786169488
1544.25,-26.984804408762194
1544.26,-27.137769585925366
1544.27,-27.209198596830543
1544.2800000000002,-27.330164711590093
1544.2900000000002,-27.468342320824377
1544.3000000000002,-27.577944611798117
1544.3100000000002,-27.63574211453044
1544.3200000000002,-27.691327519944377
1544.3300000000002,-27.887842394286796
1544.3400000000001,-28.044871124299775
1544.3500000000001,-28.190537626162527
1544.3600000000001,-28.262555632258234
1544.3700000000001,-28.371182768927873
1544.38,-28.422908372066075
1544.39,-28.51268098844525
1544.4,-28.657053398085985
1544.41,-28.761216963639953
1544.42,-28.909193727538543
1544.43,-28.95586099208463
1544.44,-29.078148535562928
1544.45,-29.196478288102824
1544.46,-29.299052455560023
1544.47,-29.421130803474508
1544.48,-29.506405888105522
1544.49,-29.57257611178642
1544.5,-29.745525253756668
1544.51,-29.814445251111074
1544.52,-29.975840400182143
1544.5300000000002,-30.01050776438551
1544.5400000000002,-30.101034536273534
1544.5500000000002,-30.11370440665157
1544.5600000000002,-30.338406485704652
1544.5700000000002,-30.43009060167215
1544.5800000000002,-30.45855250294578
1544.5900000000001,-30.536926291188298
1544.6000000000001,-30.64733014000645
1544.6100000000001,-30.815984685938588
1544.6200000000001,-30.900891294871855
1544.63,-30.90003373960545
1544.64,-31.06901504833711
1544.65,-31.190847080810066
1544.66,-31.267866145413503
1544.67,-31.34851297207847
1544.68,-31.458554924489277
1544.69,-31.56506679962568
1544.7,-31.57180173546341
1544.71,-31.808621284162864
1544.72,-31.854217618124665
1544.73,-31.96340082356126
1544.74,-32.03952707950925
1544.75,-32.23170424626221
1544.76,-32.263253348309426
1544.77,-32.436495559616986
1544.7800000000002,-32.448373675423284
1544.7900000000002,-32.60294101736629
1544.8000000000002,-32.67788698008982
1544.8100000000002,-32.727302958676376
1544.8200000000002,-32.957140869194376
1544.8300000000002,-32.97906384258872
1544.8400000000001,-32.965310923232764
1544.8500000000001,-33.08076134712312
1544.8600000000001,-33.218408217425626
1544.8700000000001,-33.32090864605215
1544.88,-33.35948775915095
1544.89,-33.45988457150951
1544.9,-33.53328140552541
1544.91,-33.90714827560018
1544.92,-33.820899367029504
1544.93,-34.05388308246734
1544.94,-34.00498811107684
1544.95,-34.22426567199542
1544.96,-34.16958614507187
1544.97,-34.256369068285636
1544.98,-34.251860016697286
1544.99,-34.535583470399295
1545.,-34.52841822642137
1545.01,-34.59535184632675
1545.02,-34.77543756973192
1545.0300000000002,-34.74094520126462
1545.0400000000002,-35.04842324795811
1545.0500000000002,-34.948350706608984
1545.0600000000002,-35.187651405882846
1545.0700000000002,-35.16064260021115
1545.0800000000002,-35.40051398764742
1545.0900000000001,-35.43281237515902
1545.1000000000001,-35.5825932627147
1545.1100000000001,-35.553564035330965
1545.1200000000001,-35.74449222059245
1545.13,-35.784604239504766
1545.14,-35.99995242635751
1545.15,-36.01109485541022
1545.16,-36.18431197460091
1545.17,-36.229930578859715
1545.18,-36.34726152671381
1545.19,-36.48423160348311
1545.2,-36.488971607676014
1545.21,-36.531000680447036
1545.22,-36.59135205310112
1545.23,-36.84312254040491
1545.24,-36.79484879721172
1545.25,-37.13830556518736
1545.26,-37.044375106257355
1545.27,-37.25609792277239
1545.2800000000002,-37.316013872296125
1545.2900000000002,-37.46319031916925
1545.3000000000002,-37.49252082376245
1545.3100000000002,-37.52249510693747
1545.3200000000002,-37.64606346634878
1545.3300000000002,-37.73098813517163
1545.3400000000001,-37.673684444282024
1545.3500000000001,-38.020344826803324
1545.3600000000001,-38.00379130127017
1545.3700000000001,-38.09613627055048
1545.38,-38.29156504968359
1545.39,-38.59422341556912
1545.4,-38.30306505031989
1545.41,-38.64733323919528
1545.42,-38.631416024392436
1545.43,-38.75521502823081
1545.44,-38.809625208016314
1545.45,-39.024850770491305
1545.46,-39.11221876774092
1545.47,-39.218573587303865
1545.48,-39.38097441425255
1545.49,-39.323170586192425
1545.5,-39.5619062564499
1545.51,-39.560921555189296
1545.52,-39.650484946233775
1545.5300000000002,-39.694934122719665
1545.5400000000002,-39.859435701454515
1545.5500000000002,-40.00300885965621
1545.5600000000002,-39.93273281664443
1545.5700000000002,-40.09821652089124
1545.5800000000002,-40.37239988673963
1545.5900000000001,-40.42348527923558
1545.6000000000001,-40.687898147948935
1545.6100000000001,-40.517534397744264
1545.6200000000001,-40.54668656889639
1545.63,-40.86879586445867
1545.64,-40.94544434991961
1545.65,-41.01905369606267
1545.66,-41.03153933763848
1545.67,-41.50148386333477
1545.68,-41.433230872713544
1545.69,-41.47875701963929
1545.7,-41.73996275234755
1545.71,-41.90719310800934
1545.72,-41.86348458187629
1545.73,-42.06397470141171
1545.74,-42.303763332592936
1545.75,-42.531160334658004
1545.76,-42.66859536353004
1545.77,-42.60781353045449
1545.7800000000002,-42.87973828730661
1545.7900000000002,-42.58090078462356
1545.8000000000002,-42.80629091384537
1545.8100000000002,-42.98752801257069
1545.8200000000002,-42.956695119528675
1545.8300000000002,-43.04973338599308
1545.8400000000001,-43.08518544897467
1545.8500000000001,-42.96639446311744
1545.8600000000001,-43.49737814951935
1545.8700000000001,-43.55053973570062
1545.88,-43.408241802193
1545.89,-43.32728971620906
1545.9,-43.51221905945845
1545.91,-43.52774009858784
1545.92,-43.80085652721292
1545.93,-43.91292785793178
1545.94,-44.19210846736685
1545.95,-44.21613305138056
1545.96,-44.4299229633433
1545.97,-44.4613077365425
1545.98,-44.23994637861236
1545.99,-44.644221636125195
1546.,-44.53590570715605
1546.01,-44.65776604097943
1546.02,-45.36926617058407
1546.0300000000002,-45.10485742691606
1546.0400000000002,-44.97933484034232
1546.0500000000002,-45.10964856806987
1546.0600000000002,-45.10971042689636
1546.0700000000002,-45.37804122436527
1546.0800000000002,-45.57384805274473
1546.0900000000001,-46.164994903199144
1546.1000000000001,-45.82500823055809
1546.1100000000001,-46.17806678971172
1546.1200000000001,-46.13915615503777
1546.13,-46.60790243870444
1546.14,-46.23483875863127
1546.15,-46.43735570051071
1546.1600000001001,-47.09639382826444
1546.1700000001001,-46.87644088095383
1546.18,-47.073329328950166
1546.1900000001,-47.10872867195911
1546.2000000001,-47.671858448865024
1546.2100000001,-46.9734925011441
1546.2200000001,-47.27346558426745
1546.2300000001,-47.33741519050617
1546.2400000001,-47.49719338885995
1546.2500000001,-47.362362758406256
1546.2600000001,-48.1301116486038
1546.2700000001,-47.697025127704855
1546.2800000001,-47.5234097203629
1546.2900000001,-48.06368109911594
1546.3000000001,-48.003371549595144
1546.3100000001,-48.20622437663346
1546.3200000001,-48.4136466100151
1546.3300000001002,-48.44520061351835
1546.3400000001002,-48.82903426489149
1546.3500000001002,-48.90949302977329
1546.3600000001002,-49.235040014980946
1546.3700000001002,-49.01698180740803
1546.3800000001002,-48.813509031342676
1546.3900000001001,-50.08050190358475
1546.4000000001001,-49.18048665427314
1546.4100000001001,-49.29272451060352
1546.4200000001001,-49.60772057764747
1546.4300000001,-49.950127712191055
1546.4400000001,-50.33386688484235
1546.4500000001,-50.52694926639781
1546.4600000001,-50.6000397180142
1546.4700000001,-50.41290355248152
1546.4800000001,-51.33959503177513
1546.4900000001,-50.716670680445326
1546.5000000001,-50.83245484587252
1546.5100000001,-50.88029355339563
1546.5200000001,-50.99135728847657
1546.5300000001,-51.27853476659409
1546.5400000001,-51.3406574622516
1546.5500000001,-52.81181197728828
1546.5600000001,-51.309780427979994
1546.5700000001,-51.72283098727729
1546.5800000001002,-52.14045240021336
1546.5900000001002,-52.032032139074
1546.6000000001002,-52.227988770034614
1546.6100000001002,-52.52272263837131
1546.6200000001002,-52.641591200399816
1546.6300000001002,-52.941628563083086
1546.6400000001001,-52.49000939560719
1546.6500000001001,-52.32559838435624
1546.6600000001001,-53.444831221282925
1546.6700000001001,-53.075389976068834
1546.6800000001,-53.604375286102965
1546.6900000001,-52.61380804762254
1546.7000000001,-52.94491454783446
1546.7100000001,-54.12353283267731
1546.7200000001,-54.53565620866244
1546.7300000001,-53.11894105824213
1546.7400000001,-53.16648631625884
1546.7500000001,-53.39629076072608
1546.7600000001,-54.47458364286809
1546.7700000001,-54.0130378113038
1546.7800000001,-54.60157364639699
1546.7900000001,-55.50799268985219
1546.8000000001,-56.2709099442824
1546.8100000001,-55.19234191319093
1546.8200000001,-55.342328140828585
1546.8300000001002,-55.57504581452382
1546.8400000001002,-55.19317468402313
1546.8500000001002,-55.43017607155832
1546.8600000001002,-55.585623145387764
1546.8700000001002,-56.176945039535454
1546.8800000001002,-56.370257974813725
1546.8900000001001,-55.99761206300045
1546.9000000001001,-56.99195618661364
1546.9100000001001,-56.98990761902658
1546.9200000001001,-55.910928276835314
1546.9300000001,-57.10301680916422
1546.9400000001,-57.21891187128209
1546.9500000001,-57.10592544348912
1546.9600000001,-58.843803297715674
1546.9700000001,-57.19330055720526
1546.9800000001,-56.567005331121706
1546.9900000001,-57.58731647038204
1547.0000000001,-56.66950800157821
1547.0100000001,-57.674448583088946
1547.0200000001,-58.36796889920025
1547.0300000001,-57.34194308730851
1547.0400000001,-57.991622131341096
1547.0500000001,-61.23162147702199
1547.0600000001,-58.08152062697927
1547.0700000001,-58.431647732400634
1547.0800000001002,-57.46498116224266
1547.0900000001002,-60.9545330335031
1547.1000000001002,-58.84579851459189
1547.1100000001002,-59.68422266899654
1547.1200000001002,-59.28703299701552
1547.1300000001002,-58.367671805423726
1547.1400000001001,-61.535170647872135
1547.1500000001001,-61.533223848860565
1547.1600000001001,-59.1003398933453
1547.1700000001001,-61.14647581728373
1547.1800000001,-60.86635972388948
1547.1900000001,-60.20961708934408
1547.2000000001,-59.68314299306555
1547.2100000001,-61.44463866206798
1547.2200000001,-61.53194165064924
1547.2300000001,-60.442823678558064
1547.2400000001,-63.875283995724246
1547.2500000001,-64.54728946758563
1547.2600000001,-61.23749763625777
1547.2700000001,-60.86801045156413
1547.2800000001,-65.91727025959267
1547.2900000001,-60.44377768243662
1547.3000000001,-63.364906071622606
1547.3100000001,-65.920157464239
1547.3200000001,-62.20745698820057
1547.3300000001002,-66.00771022445079
1547.3400000001002,-66.00774768387295
1547.3500000001002,-64.54198108749871
1547.3600000001002,-66.88988028217602
1547.4,-64.80465919029896
1547.41,-65.0736532652023
1547.42,-65.25575056844681
1547.43,-65.49258569305671
1547.44,-65.68925586301519
1547.45,-65.89683399921756
1547.46,-66.10584386899903
1547.47,-66.24440292309376
1547.48,-66.45116441607493
1547.49,-66.69273862411204
1547.5,-66.87876847584546
1547.51,-67.09582605114267
1547.52,-67.23951878417519
1547.5300000000002,-67.38160835231498
1547.5400000000002,-67.67928596450002
1547.5500000000002,-67.8018909271596
1547.5600000000002,-67.97450061542202
1547.5700000000002,-68.24700815730192
1547.5800000000002,-68.41425871043947
1547.5900000000001,-68.62526087724187
1547.6000000000001,-68.81037207384756
1547.6100000000001,-69.03948288018145
1547.6200000000001,-69.30563505865379
1547.63,-69.47156789425384
1547.64,-69.72365010555501
1547.65,-69.95516364621719
1547.66,-70.07060825928984
1547.67,-70.31830693768902
1547.68,-70.53486057406145
1547.69,-70.73335586425449
1547.7,-71.0050046614696
1547.71,-71.25249091080809
1547.72,-71.35528857993756
1547.73,-71.63582674367801
1547.74,-71.83266378156347
1547.75,-72.0215713358305
1547.76,-72.2714916518097
1547.77,-72.5320511186559
1547.7800000000002,-72.7048536093224
1547.7900000000002,-72.91885813750568
1547.8000000000002,-73.17079598790605
1547.8100000000002,-73.39918962602943
1547.8200000000002,-73.47942181600817
1547.8300000000002,-73.76649841861368
1547.8400000000001,-73.9132682778108
1547.8500000000001,-74.12131347276717
1547.8600000000001,-74.49681300320972
1547.8700000000001,-74.70060517561663
1547.88,-75.00319646358216
1547.89,-75.1579890873594
1547.9,-75.52857558441004
1547.91,-75.53896918020294
1547.92,-76.01389455231705
1547.93,-76.20739286412419
1547.94,-76.55821052418288
1547.95,-76.7203873473452
1547.96,-76.81770066046128
1547.97,-76.9841847343782
1547.98,-77.35393893488765
1547.99,-77.56342094136417
1548.,-77.7705106804728
1548.01,-78.00701841045776
1548.02,-78.41977808939677
1548.0300000000002,-78.73779499058341
1548.0400000000002,-78.73354806258158
1548.0500000000002,-79.19394450308957
1548.0600000000002,-79.18879543179213
1548.0700000000002,-79.69810101069469
1548.0800000000002,-80.00534738764009
1548.0900000000001,-80.31370940960628
1548.1000000000001,-80.34155949758369
1548.1100000000001,-80.45074076538987
1548.1200000000001,-80.8772605590394
1548.13,-81.3845416617861
1548.14,-81.69138788780172
1548.15,-81.69737081320775
1548.16,-81.99039245099274
1548.17,-82.25985995548766
1548.18,-82.49679826678496
1548.19,-82.77772873449717
1548.2,-83.01763997747821
1548.21,-83.34183784584516
1548.22,-83.58927641840806
1548.23,-83.86325968393228
1548.24,-84.28263242004962
1548.25,-84.80281037591291
1548.26,-84.43463451160005
1548.27,-85.20659422668297
1548.2800000000002,-85.21400444182113
1548.2900000000002,-85.31217797613931
1548.3000000000002,-85.64482417417415
1548.3100000000002,-86.19643142110158
1548.3200000000002,-85.79458902349992
1548.3300000000002,-86.13403880544354
1548.3400000000001,-86.76705842896821
1548.3500000000001,-87.1582849942253
1548.3600000000001,-87.42234123674528
1548.3700000000001,-88.06099698206395
1548.38,-87.80413080424947
1548.39,-88.56025474796346
1548.4,-88.19775343794204
1548.41,-88.76811985080977
1548.42,-89.63364665111654
1548.43,-89.61523625889149
1548.44,-89.78830064219544
1548.45,-89.8911381393195
1548.46,-90.27798098020001
1548.47,-89.85482593239844
1548.48,-90.98217825284465
1548.49,-91.6302752491451
1548.5,-91.54235026330755
1548.51,-92.15525456891838
1548.52,-91.57198916791236
1548.5300000000002,-92.21220684211582
1548.5400000000002,-92.14171765164453
1548.5500000000002,-92.25092385704444
1548.5600000000002,-93.0049465917364
1548.5700000000002,-93.5731696037071
1548.5800000000002,-93.52521551124383
1548.5900000000001,-94.08734863902687
1548.6000000000001,-93.92595100137743
1548.6100000000001,-94.26112329486102
1548.6200000000001,-93.47013648931735
1548.63,-94.00372154006597
1548.64,-94.72894785003717
1548.65,-94.53736959075067
1548.66,-95.77416936242224
1548.67,-94.86525572060573
1548.68,-96.11607559790991
1548.69,-96.29737541002837
1548.7,-95.5258398786305
1548.71,-95.77027530718607
1548.72,-97.02016971448826
1548.73,-97.13113910824345
1548.74,-97.83415329412074
1548.75,-97.74701433777244
1548.76,-96.12049305921921
1548.77,-98.02011441469597
1548.7800000000002,-97.70896579004693
1548.7900000000002,-97.49407173209025
1548.8000000000002,-98.02123671489997
1548.8100000000002,-97.11214522736641
1548.8200000000002,-97.00258924680291
1548.8300000000002,-96.8081429872991
1548.8400000000001,-99.13296709689556
1548.8500000000001,-99.50823625116014
1548.8600000000001,-97.88397473098298
1548.8700000000001,-97.88709657163366
1548.88,-97.58720362197369
1548.89,-98.39996220233608
1548.9,-98.11069013662816
1548.91,-100.01904362202224
1548.92,-99.51590788308492
1548.93,-98.7906582445433
1548.94,-98.95901463113205
1548.95,-99.05159220117608
1548.96,-99.40692838290936
1548.97,-98.623725405956
1548.98,-100.3873925862477
1548.99,-98.71849778099065
1549.,-98.79097675996924
1549.01,-98.62748102620964
1549.02,-98.79171943584603
1549.0300000000002,-100.02334801613594
1549.0400000000002,-100.89619062117025
1549.0500000000002,-99.32763632610225
1549.0600000000002,-99.1429144875228
1549.0700000000002,-98.96365454044323
1549.0800000000002,-99.93283023051762
1549.0900000000001,-98.47445515854447
1549.1000000000001,-99.14176570260089
1549.1100000000001,-98.79433314353318
1549.1200000000001,-97.7192092882167
1549.13,-98.96768771705425
1549.14,-99.23485679306944
1549.15,-98.47610991392594
1549.16,-101.18737696047818
1549.17,-98.03266666044449
1549.18,-99.72178574681614
1549.19,-100.73161531424263
1549.2,-98.72502965637457
1549.21,-101.18401172410132
1549.22,-101.81041126050519
1549.23,-99.523576570969
1549.24,-99.94015234959372
1549.25,-98.89059407576751
1549.26,-98.72670174737641
1549.27,-99.94087896023926
1549.2800000000002,-99.14955716003725
1549.2900000000002,-100.90600885663129
1549.3000000000002,-100.25431072816016
1549.3100000000002,-100.91131022687989
1549.3200000000002,-99.42269797299136
1549.3300000000002,-99.6182420424911
1549.3400000000001,-100.40047830082167
1549.3500000000001,-99.15150846705389
1549.3600000000001,-99.5294396760339
1549.3700000000001,-97.38849101635324
1549.38,-99.42664421069298
1549.39,-98.63841706291348
1549.4,-99.94232222868132
1549.41,-99.33792135445285
1549.42,-99.2429619160251
1549.43,-98.57350903431806
1549.44,-100.40082856365622
1549.45,-98.80178166532873
1549.46,-100.25632312514497
1549.47,-98.73257076456616
1549.48,-98.64330712784391
1549.49,-98.97796483826637
1549.5,-100.257189149043
1549.51,-97.73250493702398
1549.52,-100.03752129688075
1549.5300000000002,-100.6517298463107
1549.5400000000002,-99.94853629611293
1549.5500000000002,-100.49576729678654
1549.5600000000002,-99.34180528072011
1549.5700000000002,-100.49408853069556
1549.5800000000002,-98.89943140058166
1549.5900000000001,-101.49623982385617
1549.6000000000001,-100.4051800913223
1549.6100000000001,-100.17302494790096
1549.6200000000001,-100.40572745311634
1549.63,-102.54721897189324
1549.64,-98.42449284228317
1549.65,-99.24667098156263
1549.66,-98.80478592477651
1549.67,-101.00816858626138
1549.68,-101.19896147162228
1549.69,-99.16034411199801
1549.7,-98.90020326127953
1549.71,-98.42400599923165
1549.72,-100.17351137914517
1549.73,-98.89639313303167
1549.74,-100.74435823434229
1549.75,-100.41167880480646
1549.76,-98.80995642106585
1549.77,-97.64986774081547
1549.7800000000002,-100.04431763346435
1549.7900000000002,-99.8327003017016
1549.8000000000002,-98.58099970166751
1549.8100000000002,-97.7405468987942
1549.8200000000002,-100.4137213727101
1549.8300000000002,-98.98702558702702
1549.8400000000001,-99.6320494713487
1549.8500000000001,-99.744787128795
1549.8600000000001,-99.34956979994627
1549.8700000000001,-98.74347099838197
1549.88,-99.07572560813401
1549.89,-98.191888857745
1549.9,-98.1440339345785
1549.91,-97.37390637390968
1549.92,-100.27085392823625
1549.93,-99.2565197083565
1549.94,-97.28482304830023
1549.95,-99.44194799915378
1549.96,-98.05400487044146
1549.97,-99.44265225301217
1549.98,-100.04294188286403
1549.99,-99.348760934149
1550.,-99.08133296189263
1550.01,-97.74378036951994
1550.02,-97.37705084962823
1550.0300000000002,-99.83719159859706
1550.0400000000002,-98.5900900058863
1550.0500000000002,-100.41987179846564
1550.0600000000002,-98.5010368409783
1550.0700000000002,-98.0592440808064
1550.0800000000002,-99.63641587636437
1550.0900000000001,-99.16695514368826
1550.1000000000001,-99.44411022189813
1550.1100000000001,-99.08442199150622
1550.1200000000001,-101.59826503511556
1550.13,-99.63800913379748
1550.14,-97.6601587460648
1550.15,-98.50372530991324
1550.16,-98.28935592750021
1550.17,-97.8781207861435
1550.18,-96.93289639377205
1550.19,-97.50299148362556
1550.2,-98.01498362980328
1550.21,-105.19583362482429
1550.22,-98.82756316365942
1550.23,-100.18785016162644
1550.24,-100.67360245749333
1550.25,-100.19080476686334
1550.26,-99.44851367076473
1550.27,-99.6441857941212
1550.2800000000002,-99.36184871852474
1550.2900000000002,-100.05883316479932
1550.3000000000002,-99.55309326285055
1550.3100000000002,-100.4251062184683
1550.3200000000002,-100.42773924512855
1550.3300000000002,-100.27782533332208
1550.3400000000001,-99.8483081846639
1550.3500000000001,-100.76411339233726
1550.3600000000001,-98.29757023699935
1550.3700000000001,-98.91693144098787
1550.38,-99.17759438464458
1550.39,-97.6241929250358
1550.4,-101.61085244367365
1550.41,-100.19077238189423
1550.42,-98.51167406315096
1550.43,-98.7570371935393
1550.44,-99.18157807358665
1550.45,-98.51240323952231
1550.46,-99.45679160937145
1550.47,-100.19718367860679
1550.48,-98.16078591018267
1550.49,-99.9751201937009
1550.5,-98.51409761687827
1550.51,-99.64657471871178
1550.52,-97.54543967322596
1550.5300000000002,-98.45193613495731
1550.5400000000002,-97.54353846701929
1550.5500000000002,-98.83716487652103
1550.5600000000002,-98.83749961949889
1550.5700000000002,-99.36801930654457
1550.5800000000002,-99.65091619643016
1550.5900000000001,-98.51438913240307
1550.6000000000001,-100.06777492613125
1550.6100000000001,-97.39380478825925
1550.6200000000001,-99.00735673089517
1550.63,-97.63803956856576
1550.64,-99.45959129363429
1550.65,-98.51596800549822
1550.66,-96.85997456922443
1550.67,-97.80532143544102
1550.68,-98.67481831060437
1550.69,-99.27619701077133
1550.7,-98.51975389430476
1550.71,-97.54853847810921
1550.72,-99.27721963829947
1550.73,-99.01050349710471
1550.74,-99.65801374813914
1550.75,-99.86039051163021
1550.76,-99.56894129461651
1550.77,-98.22215144055592
1550.7800000000002,-99.76943175691595
1550.7900000000002,-99.19209154710423
1550.8000000000002,-99.46673609926437
1550.8100000000002,-101.85550075924156
1550.8200000000002,-99.01327577233488
1550.8300000000002,-98.61340078671165
1550.8400000000001,-99.28314345486103
1550.8500000000001,-97.89568657194101
1550.8600000000001,-95.75112602728026
1550.8700000000001,-97.19371725867308
1550.88,-98.61248326523241
1550.89,-100.07433315237748
1550.9,-97.06398325481939
1550.91,-97.55700875692563
1550.92,-96.6506145954868
1550.93,-96.65089461392269
1550.94,-96.18362039754358
1550.95,-96.27342503070885
1550.96,-97.20129001774436
1550.97,-95.45445601732297
1550.98,-96.5547423274272
1550.99,-95.51805584966438
1551.,-95.59655572652098
1551.01,-95.607992356104
1551.02,-94.76258918125198
1551.0300000000002,-93.84513535213217
1551.0400000000002,-93.95219222381877
1551.0500000000002,-93.40341798997602
1551.0600000000002,-93.65654164858513
1551.0700000000002,-92.96253161990442
1551.0800000000002,-92.43208662706188
1551.0900000000001,-93.55726797871168
1551.1000000000001,-92.3574697778961
1551.1100000000001,-92.24683348773792
1551.1200000000001,-92.37342836283105
1551.13,-92.17454856034595
1551.14,-92.05432305357024
1551.15,-91.06898556524732
1551.16,-91.09933171612639
1551.17,-91.05120507486805
1551.18,-90.45062485690423
1551.19,-90.14347973251449
1551.2,-89.53226940986059
1551.21,-88.98848245946688
1551.22,-89.0424138383593
1551.23,-88.86030682191091
1551.24,-89.02383296380913
1551.25,-87.97113607386143
1551.26,-87.70104350608275
1551.27,-88.11762030529448
1551.2800000000002,-87.00329368847342
1551.2900000000002,-86.60772168353907
1551.3000000000002,-86.29896612486809
1551.3100000000002,-85.9256910519492
1551.3200000000002,-85.86626973068982
1551.3300000000002,-85.75790344272853
1551.3400000000001,-84.83431303044397
1551.3500000000001,-84.61940140785575
1551.3600000000001,-84.63102198256925
1551.3700000000001,-84.38247446234017
1551.38,-83.72244374747308
1551.39,-83.61618497464086
1551.4,-82.8462499787537
1551.41,-82.43678872400208
1551.42,-82.39963878224479
1551.43,-81.857121882041
1551.44,-81.36403688977592
1551.45,-81.24850643352585
1551.46,-80.8255506912456
1551.47,-80.32243523918653
1551.48,-79.85347455937247
1551.49,-79.5646010157425
1551.5,-79.13495602964262
1551.51,-78.92394574646865
1551.52,-78.32178864968245
1551.5300000000002,-77.86290128743508
1551.5400000000002,-77.66584222120225
1551.5500000000002,-77.21584280781882
1551.5600000000002,-76.79724868089612
1551.5700000000002,-76.2831482042671
1551.5800000000002,-75.96118315024374
1551.5900000000001,-75.41341042867835
1551.6000000000001,-74.85123537007988
1551.6100000000001,-74.532073637991
1551.6200000000001,-73.96243280845296
1551.63,-73.57818875154507
1551.64,-73.09686136086027
1551.65,-72.5956278794944
1551.66,-72.0203249513001
1551.67,-71.52418137821641
1551.68,-71.12388490067175
1551.69,-70.62302645156235
1551.7,-70.0751592107926
1551.71,-69.64868399859715
1551.72,-69.1887469779264
1551.73,-68.6844271631187
1551.74,-68.15526701719041
1551.75,-67.68265742885299
1551.76,-67.11745267249837
1551.77,-66.65241664104624
1551.7800000000002,-66.17474561563097
1551.7900000000002,-65.67887892801326
1551.8000000000002,-65.26995967603952
1551.8100000000002,-64.71682235509101
1551.8200000000002,-64.30532707962136
1551.8300000000002,-63.91867569369288
1551.8400000000001,-63.57792520895083
1551.8500000000001,-63.375823009225385
1551.8600000000001,-63.141722112826926
1551.8700000000001,-62.94157259035282
1551.88,-62.89872799089402
1551.89,-62.74357494008058
1551.9,-62.70591230031627
1551.91,-62.710106643189285
1551.92,-62.75337969588837
1551.93,-62.80213491121519
1551.94,-62.87584943528824
1551.95,-62.94894607890654
1551.96,-63.02060820119985
1551.97,-63.10682509949136
1551.98,-63.300069547151296
1551.99,-63.386970112098965
1552.,-63.47122583623651
1552.01,-63.639241806568364
1552.02,-63.68874589814208
1552.0300000000002,-63.79700850522675
1552.0400000000002,-63.95251528367027
1552.0500000000002,-64.05908027187053
1552.0600000000002,-64.24254395789067
1552.0700000000002,-64.32069826607687
1552.0800000000002,-64.4452789857495
1552.0900000000001,-64.5416531214211
1552.1000000000001,-64.65232984097868
1552.1100000000001,-64.68168720096168
1552.1200000000001,-64.77322701258153
1552.13,-64.84929838470917
1552.14,-64.84414098846146
1552.15,-64.94285129629257
1552.16,-65.01596188082722
1552.17,-65.06505281999353
1552.18,-65.12887580435758
1552.19,-65.21351481454838
1552.2,-65.21676134358263
1552.21,-65.28781205353886
1552.22,-65.33730255182991
1552.23,-65.40691757246053
1552.24,-65.35444693664698
1552.25,-65.4154905650154
1552.26,-65.38137493016387
1552.27,-65.43306657987985
1552.2800000000002,-65.45732363836497
1552.2900000000002,-65.48166023004
1552.3000000000002,-65.47484108426181
1552.3100000000002,-65.48902767775198
1552.3200000000002,-65.50415176604139
1552.3300000000002,-65.45233380459139
1552.3400000000001,-65.47855288994579
1552.3500000000001,-65.45657348397937
1552.3600000000001,-65.4087501607974
1552.3700000000001,-65.4308971431446
1552.38,-65.44043576605745
1552.39,-65.4515325111559
1552.4,-65.46012257801398
1552.41,-65.49074485429622
1552.42,-65.50772903144633
1552.43,-65.52664522245203
1552.44,-65.46899966947811
1552.45,-65.43566149064168
1552.46,-65.41037885364868
1552.47,-65.39630461032571
1552.48,-65.38431209620927
1552.49,-65.38804462129583
1552.5,-65.3682664940888
1552.51,-65.33156670826365
1552.52,-65.27095194360749
1552.5300000000002,-65.17493238823714
1552.5400000000002,-65.19252717296511
1552.5500000000002,-65.17745030305221
1552.5600000000002,-65.20652351464241
1552.5700000000002,-65.15744489953366
1552.5800000000002,-65.13350661973496
1552.5900000000001,-65.14556245924484
1552.6000000000001,-65.08346639803631
1552.6100000000001,-65.08624045740373
1552.6200000000001,-65.00747066381547
1552.63,-64.96151398535912
1552.64,-64.92584952389942
1552.65,-64.96934981300308
1552.66,-64.939859726417
1552.67,-64.8260232993136
1552.68,-64.78017556673917
1552.69,-64.76628590226807
1552.7,-64.74877647538776
1552.71,-64.69680833402997
1552.72,-64.64110899587043
1552.73,-64.58185497351442
1552.74,-64.5472170480695
1552.75,-64.49343757801296
1552.76,-64.45218453792425
1552.77,-64.38009188233133
1552.7800000000002,-64.41263597796994
1552.7900000000002,-64.39137385516784
1552.8000000000002,-64.38217617269892
1552.8100000000002,-64.33400730907272
1552.8200000000002,-64.28812318928767
1552.8300000000002,-64.21340943820637
1552.8400000000001,-64.1391071894515
1552.8500000000001,-64.10362125571456
1552.8600000000001,-64.07264534328064
1552.8700000000001,-64.05529872045362
1552.88,-64.05050327213142
1552.89,-64.0078951580582
1552.9,-63.91004433599971
1552.91,-63.89604311323446
1552.92,-63.88272617393787
1552.93,-63.807637659599095
1552.94,-63.79855235476418
1552.95,-63.752613224409444
1552.96,-63.69739510705483
1552.97,-63.632388471459016
1552.98,-63.6236840058272
1552.99,-63.591199717655286
1553.,-63.528712986592176
1553.01,-63.44154149781589
1553.02,-63.370895597584635
1553.0300000000002,-63.38081047887307
1553.0400000000002,-63.32071012715901
1553.0500000000002,-63.33351860392922
1553.0600000000002,-63.30363998081361
1553.0700000000002,-63.29016269494658
1553.0800000000002,-63.16340403846634
1553.0900000000001,-63.17248712273277
1553.1000000000001,-63.11081381509197
1553.1100000000001,-63.044631104874085
1553.1200000000001,-63.01672092550326
1553.13,-62.98445764886661
1553.14,-62.98843529515348
1553.15,-62.870005898825056
1553.16,-62.796845230984474
1553.17,-62.73886833122805
1553.18,-62.70246890522964
1553.19,-62.65999395788793
1553.2,-62.6253550024327
1553.21,-62.591443531819955
1553.22,-62.55844886895068
1553.23,-62.53562001671025
1553.24,-62.52687765560033
1553.25,-62.494875680250736
1553.26,-62.425236543628564
1553.27,-62.39708051759835
1553.2800000000002,-62.31306619651402
1553.2900000000002,-62.27209660684078
1553.3000000000002,-62.222115497930666
1553.3100000000002,-62.130941985567134
1553.3200000000002,-62.17923932397707
1553.3300000000002,-62.19619167556673
1553.3400000000001,-62.082729541800425
1553.3500000000001,-62.02057925113437
1553.3600000000001,-61.98877155223795
1553.3700000000001,-61.95746642318299
1553.38,-61.94665014997846
1553.39,-61.89801707159426
1553.4500000001,-61.43147326014198
1553.4600000001,-62.68945081885786
1553.4700000001,-60.638351277684905
1553.4800000001,-61.43290092619553
1553.4900000001,-60.639342316471826
1553.5000000001,-61.14426579029264
1553.5100000001,-64.65016612866361
1553.5200000001,-62.3146906048028
1553.5300000001,-60.18383376442294
1553.5400000001,-59.57974403169521
1553.5500000001,-60.55522325483836
1553.5600000001,-59.68420513730759
1553.5700000001,-62.31721569302734
1553.5800000001002,-60.406757961049706
1553.5900000001002,-60.32011947010891
1553.6000000001002,-60.18741339250425
1553.6100000001002,-62.69481609816771
1553.6200000001002,-60.807050580601384
1553.6300000001002,-62.0622657907819
1553.6400000001001,-61.06435814466455
1553.6500000001001,-59.980455091998756
1553.6600000001001,-59.88669780142701
1553.6700000001001,-60.101617204435925
1553.6800000001,-60.64925704572054
1553.6900000001,-61.65401017599355
1553.7000000001,-58.43398846524267
1553.7100000001,-60.807068734904924
1553.7200000001,-59.22694556666304
1553.7300000001,-60.3273672073258
1553.7400000001,-59.780970586772696
1553.7500000001,-59.31632488267279
1553.7600000001,-60.32186863216195
1553.7700000001,-60.33194570991573
1553.7800000001,-59.40273125091074
1553.7900000001,-61.35719828322638
1553.8000000001,-60.42087574955222
1553.8100000001,-60.11113365948708
1553.8200000001,-59.98712801356969
1553.8300000001002,-59.13854779818468
1553.8400000001002,-58.80724180560403
1553.8500000001002,-57.52887554567957
1553.8600000001002,-58.74237840957995
1553.8700000001002,-62.07277955653038
1553.8800000001002,-59.060441827154264
1553.8900000001001,-59.40872558466219
1553.9000000001001,-57.685556522905976
1553.9100000001001,-59.69809774486102
1553.9200000001001,-59.79050218742355
1553.9300000001,-58.65639984848424
1553.9400000001,-57.41782617290007
1553.9500000001,-57.65312342151954
1553.9600000001,-58.503221279627354
1553.9700000001,-56.498624893450426
1553.9800000001,-58.03261973250382
1553.9900000001,-58.81781847552662
1554.0000000001,-58.07556879592356
1554.0100000001,-55.81797625889925
1554.0200000001,-57.2222080874124
1554.0300000001,-58.03551884999331
1554.0400000001,-56.69935120994111
1554.0500000001,-58.17029585636094
1554.0600000001,-57.781758287508495
1554.0700000001,-57.22483070556582
1554.0800000001002,-58.90746350352771
1554.0900000001002,-55.65232204163122
1554.1000000001002,-56.5032033190795
1554.1100000001002,-57.429546463662035
1554.1200000001002,-59.246261126060375
1554.1300000001002,-57.09836314090177
1554.1400000001001,-56.41353371551655
1554.1500000001001,-57.01231662311876
1554.1600000001001,-55.81657415176801
1554.1700000001001,-55.74623767730476
1554.1800000001,-56.69675696007943
1554.1900000001,-55.36070733496486
1554.2000000001,-55.82394056479369
1554.2100000001,-53.938413154104275
1554.2200000001,-55.59650111674159
1554.2300000001,-56.24252513877509
1554.2400000001,-54.72185157150318
1554.2500000001,-54.9717226841009
1554.2600000001,-55.81721218974559
1554.2700000001,-54.33796155970926
1554.2800000001,-56.15857672028295
1554.2900000001,-53.646426374283266
1554.3000000001,-54.57458681842833
1554.3100000001,-54.34022124592444
1554.3200000001,-54.430268399843115
1554.3300000001002,-54.113881369756804
1554.3400000001002,-54.75908545710062
1554.3500000001002,-53.56036686029309
1554.3600000001002,-54.51811387618231
1554.3700000001002,-54.10314635072173
1554.3800000001002,-54.10367419356878
1554.3900000001001,-53.697435920201656
1554.4000000001001,-52.78737981068279
1554.4100000001001,-52.93944186401276
1554.4200000001001,-54.39689177698991
1554.4300000001,-53.28713637417236
1554.4400000001,-51.97143424619333
1554.4500000001,-52.79022463854746
1554.4600000001,-53.37590742208364
1554.4700000001,-53.157135831772905
1554.4800000001,-54.017000405423055
1554.4900000001,-52.436929842365785
1554.5000000001,-53.03625341829952
1554.5100000001,-54.466854863132276
1554.5200000001,-52.08764888502557
1554.5300000001,-52.313034376717994
1554.5400000001,-52.20968363073566
1554.5500000001,-53.074997875949265
1554.5600000001,-51.7916547314131
1554.5700000001,-51.66788228338322
1554.5800000001002,-51.28712613177936
1554.5900000001002,-51.54991068787622
1554.6000000001002,-51.23232874734913
1554.6100000001002,-51.46133746336201
1554.6200000001002,-51.13197081737628
1554.6300000001002,-50.58780142155412
1554.6400000001001,-50.444543167156766
1554.6500000001001,-51.28858141245498
1554.6600000001001,-51.21503915080008
1554.6700000001001,-51.16116919081367
1554.6800000001,-50.63870657182644
1554.6900000001,-50.135165697549475
1554.7000000001,-50.35508761621462
1554.7100000001,-50.4205325036567
1554.7200000001,-50.9633865624956
1554.7300000001,-50.22461434304824
1554.7400000001,-49.66750528317779
1554.7500000001,-50.29215622966738
1554.7600000001,-49.87580386943017
1554.7700000001,-50.018254405977125
1554.7800000001,-49.876275825934215
1554.7900000001,-49.04529444161713
1554.8000000001,-49.81783181853014
1554.8100000001,-49.49906638323021
1554.8200000001,-48.900972498132525
1554.8300000001002,-48.82308591088413
1554.8400000001002,-48.564532909684495
1554.8500000001002,-48.52167341365455
1554.8600000001002,-49.4829770525846
1554.8700000001002,-49.14918678835127
1554.8800000001002,-48.64164954775475
1554.8900000001001,-48.406213506972556
1554.9000000001001,-49.14999963131124
1554.9100000001001,-48.380718748049965
1554.9200000001001,-48.67463598893135
1554.9300000001,-48.62863614683934
1554.9400000001,-48.598979366417026
1554.9500000001,-47.88717318240088
1554.9600000001,-48.10943783441347
1554.9700000001,-47.90286758637541
1554.9800000001,-48.01871220880129
1554.9900000001,-47.7790178591546
1555.0000000001,-47.50636894148779
1555.0100000001,-47.60892850701758
1555.0200000001,-47.76797845201986
1555.0300000001,-47.671235713747365
1555.0400000001,-47.27022755594595
1555.0500000001,-47.33792621811345
1555.0600000001,-47.18622763412188
1555.0700000001,-47.018187512589016
1555.0800000001002,-46.928840510666056
1555.0900000001002,-47.3291592704615
1555.1000000001002,-46.87894720291588
1555.1100000001002,-47.12442571199617
1555.1200000001002,-46.779621594131626
1555.1300000001002,-46.78963858028094
1555.1400000001001,-46.38016326750237
1555.1500000001001,-46.56179374984258
1555.1600000001001,-46.18083748347959
1555.1700000001001,-46.09692108114102
1555.1800000001,-46.0246118064126
1555.1900000001,-45.974791642206355
1555.2000000001,-46.04259015629857
1555.2100000001,-45.478392450810006
1555.2200000001,-45.93552051715109
1555.2300000001,-45.413656574594285
1555.2400000001,-45.06818251780447
1555.2500000001,-45.37918593621349
1555.2600000001,-45.41471462170807
1555.2700000001,-45.27375751957243
1555.2800000001,-45.386278839958706
1555.2900000001,-45.4944973199455
1555.3000000001,-45.3521935400009
1555.3100000001,-45.477664968244405
1555.3200000001,-44.71612261843963
1555.3300000001002,-44.78760005180406
1555.3400000001002,-45.145422989291255
1555.3500000001002,-44.97167801215884
1555.3600000001002,-45.02929885039083
1555.3700000001002,-44.72069395819305
1555.3800000001002,-44.46291787884785
1555.3900000001001,-44.30379048452061
1555.4000000001001,-44.14842143538779
1555.4100000001001,-44.44549876560197
1555.4200000001001,-44.45052672540035
1555.4300000001,-44.35055003412977
1555.4400000001,-44.519512576413646
1555.4500000001,-44.12292209705788
1555.4600000001,-44.00303787377703
1555.4700000001,-43.870589458862106
1555.4800000001,-43.854944488797834
1555.4900000001,-43.86621438464387
1555.5000000001,-43.544608342484885
1555.5100000001,-43.37453123319953
1555.5200000001,-43.532408582810575
1555.5300000001,-43.6485947449522
1555.5400000001,-43.38698750705739
1555.5500000001,-43.3625026549334
1555.5600000001,-42.955234942907694
1555.5700000001,-43.32714825303641
1555.5800000001002,-42.89258035761251
1555.5900000001002,-42.8992654458549
1555.6000000001002,-42.84398144190188
1555.6100000001002,-42.80144574415977
1555.6200000001002,-42.84227200970218
1555.6300000001002,-42.72954087269879
1555.6400000001001,-42.569073375542175
1555.6500000001001,-42.38012147317719
1555.6600000001001,-42.32764366626605
1555.6700000001001,-42.40089544220624
1555.6800000001,-42.257908202865735
1555.6900000001,-42.216035302879376
1555.7000000001,-42.11437286334673
1555.7100000001,-42.09197387923862
1555.7200000001,-42.08916764271662
1555.7300000001,-42.04043778402669
1555.7400000001,-41.789059189565265
1555.7500000001,-41.75747245340106
1555.7600000001,-41.72880278015637
1555.7700000001,-41.8417914846485
1555.7800000001,-41.61656888729513
1555.7900000001,-41.65566608614575
1555.8000000001,-41.798510084367194
1555.8100000001,-41.013425353554354
1555.8200000001,-41.277396165183305
1555.8300000001002,-41.37705449167444
1555.8400000001002,-41.22375228819272
1555.8500000001002,-41.08168481393717
1555.8600000001002,-41.01948942137135
1555.8700000001002,-40.83264730375042
1555.8800000001002,-41.08764333838308
1555.8900000001001,-41.05805564223562
1555.9000000001001,-40.67384198939932
1555.9100000001001,-40.690962427343614
1555.9200000001001,-40.65444842493789
1555.9300000001,-40.68686446017349
1555.9400000001,-40.33031761137713
1555.9500000001,-40.54735437458996
1555.9600000001,-40.510212610372
1555.9700000001,-40.088022181011524
1555.9800000001,-40.37237843779509
1555.9900000001,-40.22047319869445
1556.0000000001,-39.99688391274142
1556.0100000001,-39.914488935777094
1556.0200000001,-39.996723083023554
1556.0300000001,-39.97165513479238
1556.0400000001,-39.713410667616714
1556.0500000001,-39.865026829884734
1556.0600000001,-39.71449021206613
1556.0700000001,-39.72730069767793
1556.0800000001002,-39.375487532457555
1556.0900000001002,-39.46959435103962
1556.1000000001002,-39.46810998625651
1556.1100000001002,-39.42157667834724
1556.1200000001002,-39.215345469430005
1556.1300000001002,-39.1154188921621
1556.1400000001001,-39.26043968479439
1556.1500000001001,-39.183431359204334
1556.1600000001001,-39.049334869152986
1556.1700000001001,-38.808771349702326
1556.1800000001,-38.988059812473445
1556.1900000001,-38.91910907537253
1556.2000000001,-38.93727902112503
1556.2100000001,-38.62321472837409
1556.2200000001,-38.812173158293255
1556.2300000001,-38.88353401673335
1556.2400000001,-38.41120328162662
1556.2500000001,-38.584487304650295
1556.2600000001,-38.594717492443344
1556.2700000001,-38.60874233554311
1556.2800000001,-38.241586025331586
1556.2900000001,-38.35287779442328
1556.3000000001,-38.26458970964697
1556.3100000001,-38.25322625937093
1556.3200000001,-38.12558628990143
1556.3300000001002,-38.29120881884954
1556.3400000001002,-38.13475771854587
1556.3500000001002,-38.094342470067005
1556.3600000001002,-37.950652993623734
1556.3700000001002,-38.15040795409824
1556.3800000001002,-37.95351514899738
1556.3900000001001,-37.9132003842898
1556.4000000001001,-37.54714296952143
1556.4100000001001,-37.71291981417219
1556.4200000001001,-37.61083099439899
1556.4300000001,-37.53279105347653
1556.4400000001,-37.61475280371463
1556.4500000001,-37.50620883306527
1556.4600000001,-37.44619495457005
1556.4700000001,-37.33645376853376
1556.4800000001,-37.19645893862298
1556.4900000001,-37.158175710944235
1556.5000000001,-37.21451641683372
1556.5100000001,-37.135188757022284
1556.5200000001,-37.10504773063221
1556.5300000001,-36.91776103836504
1556.5400000001,-36.989146100790045
1556.5500000001,-36.87676538458524
1556.5600000001,-36.874925931484405
1556.5700000001,-36.9976478410626
1556.5800000001002,-36.789912112446565
1556.5900000001002,-36.76030431059398
1556.6000000001002,-36.75834649139561
1556.6100000001002,-36.55869314628793
1556.6200000001002,-36.58978061658692
1556.6300000001002,-36.77592609351921
1556.6400000001001,-36.55707161356701
1556.6500000001001,-36.58863937334058
1556.6600000001001,-36.316308502678325
1556.6700000001001,-36.39346872203476
1556.6800000001,-36.260095335899585
1556.6900000001,-36.25029069511785
1556.7000000001,-36.23623813679762
1556.7100000001,-36.23983577761601
1556.7200000001,-36.16199338421338
1556.7300000001,-36.10400832755608
1556.7400000001,-36.02544022389198
1556.7500000001,-36.02557122961496
1556.7600000001,-35.87885563230341
1556.7700000001,-35.86554341600877
1556.7800000001,-35.906269341544345
1556.7900000001,-35.756895998464245
1556.8000000001,-35.8903870685198
1556.8100000001,-35.71047986331874
1556.8200000001,-35.65795426842313
1556.8300000001002,-35.59633758914016
1556.8400000001002,-35.591981912638126
1556.8500000001002,-35.6031164856398
1556.8600000001002,-35.407370794160805
1556.8700000001002,-35.41519202289656
1556.8800000001002,-35.51498290071149
1556.8900000001001,-35.35091995257642
1556.9000000001001,-35.15887945210535
1556.9100000001001,-35.28058214816068
1556.9200000001001,-35.25238484072874
1556.9300000001,-35.18060696802698
1556.9400000001,-35.14256290928115
1556.9500000001,-35.05501654115503
1556.9600000001,-35.064259473816925
1556.9700000001,-34.99820028811614
1556.9800000001,-34.93744628871805
1556.9900000001,-34.92693761526483
1557.0000000001,-34.912160433028035
1557.0100000001,-34.92777643577095
1557.0200000001,-34.80448202732483
1557.0300000001,-34.791120169740175
1557.0400000001,-34.638107889357855
1557.0500000001,-34.66383704561522
1557.0600000001,-34.608870983853485
1557.0700000001,-34.49500184901626
1557.0800000001002,-34.595184273299886
1557.0900000001002,-34.51707610387135
1557.1000000001002,-34.404365076415154
1557.1100000001002,-34.41159802963575
1557.1200000001002,-34.42617437516406
1557.1300000001002,-34.30026120565989
1557.1400000001001,-34.358505951737605
1557.1500000001001,-34.281838874268466
1557.1600000001001,-34.23175729345575
1557.1700000001001,-34.08307020789627
1557.1800000001,-34.11787091763604
1557.1900000001,-34.22889720985292
1557.2000000001,-34.07312637445319
1557.2100000001,-33.99019863243549
1557.2200000001,-33.90075850978139
1557.2300000001,-33.92916286110179
1557.2400000001,-33.80664085312807
1557.2500000001,-33.904452841615175
1557.2600000001,-33.75335169531937
1557.2700000001,-33.74181137945917
1557.2800000001,-33.71688987780295
1557.2900000001,-33.63965966750489
1557.3000000001,-33.583133280341144
1557.3100000001,-33.55039559587346
1557.3200000001,-33.553495964565464
1557.3300000001002,-33.49638265207361
1557.3400000001002,-33.35647470020253
1557.3500000001002,-33.301394250104536
1557.3600000001002,-33.25141266632584
1557.3700000001002,-33.3241867204307
1557.3800000001002,-33.20550295608804
1557.3900000001001,-33.099801814890036
1557.4000000001001,-33.05978949947246
1557.4100000001001,-33.111428808951246
1557.4200000001001,-33.105278624600814
1557.4300000001,-33.080007991338135
1557.4400000001,-33.08516975611795
1557.4500000001,-32.87689388127018
1557.4600000001,-32.83149101330295
1557.4700000001,-32.929684450109015
1557.4800000001,-32.85550348093633
1557.4900000001,-32.88055565177285
1557.5000000001,-32.786943891274625
1557.5100000001,-32.75926441260411
1557.5200000001,-32.74968102278395
1557.5300000001,-32.63640726894305
1557.5400000001,-32.66292344898877
1557.5500000001,-32.63472791959427
1557.5600000001,-32.57918225647943
1557.5700000001,-32.576594172306
1557.5800000001002,-32.3787582128795
1557.5900000001002,-32.448312612515565
1557.6000000001002,-32.456459237749215
1557.6100000001002,-32.37299669634561
1557.6200000001002,-32.26812898488667
1557.6300000001002,-32.28527929968752
1557.6400000001001,-32.32494407367179
1557.6500000001001,-32.274992655709895
1557.6600000001001,-32.30238548313023
1557.6700000001001,-32.163954931109565
1557.6800000001,-32.107030860844255
1557.6900000001,-32.04282127398983
1557.7000000001,-32.0706917131609
1557.7100000001,-32.019790362421425
1557.7200000001,-31.94644085840498
1557.7300000001,-31.9749010196538
1557.7400000001,-31.839398605274415
1557.7500000001,-31.910806375586205
1557.7600000001,-31.8279240101425
1557.7700000001,-31.7324642811515
1557.7800000001,-31.70595702215209
1557.7900000001,-31.65181295296971
1557.8000000001,-31.613308286100008
1557.8100000001,-31.691102642913
1557.8200000001,-31.59380233622975
1557.8300000001002,-31.67947761125871
1557.8400000001002,-31.631526039245532
1557.8500000001002,-31.635226668033525
1557.8600000001002,-31.57960997740471
1557.8700000001002,-31.505804753717058
1557.8800000001002,-31.522493549096637
1557.8900000001001,-31.44794979288003
1557.9000000001001,-31.553905623333055
1557.9100000001001,-31.43469897056635
1557.9200000001001,-31.48505263537399
1557.9300000001,-31.446346587078622
1557.9400000001,-31.482015334212644
1557.9500000001,-31.49152071334891
1557.9600000001,-31.491888336338487
1557.9700000001,-31.51600519554308
1557.9800000001,-31.455960462829008
1557.9900000001,-31.458380696657514
1558.0000000001,-31.449347198258593
1558.0100000001,-31.51645031777539
1558.0200000001,-31.558663315760704
1558.0300000001,-31.574128909894426
1558.0400000001,-31.589079962330512
1558.0500000001,-31.689160990746995
1558.0600000001,-31.721673635873515
1558.0700000001,-31.703140534233647
1558.0800000001002,-31.708273376949833
1558.0900000001002,-31.902255119946652
1558.1000000001002,-31.925032576709658
1558.1100000001002,-32.09480595773526
1558.1200000001002,-32.20492813129622
1558.1300000001002,-32.32493163098367
1558.1400000001001,-32.538793274683286
1558.1500000001001,-32.75285580656429
1558.1600000001001,-32.94292480644198
1558.1700000001001,-33.380955765187935
1558.1800000001,-33.76286519692832
1558.1900000001,-34.19465499190075
1558.2000000001,-34.7615223925539
1558.2100000001,-35.12914385071124
1558.2200000001,-36.111528831399404
1558.2300000001,-36.88659039639227
1558.2400000001,-37.77620342058135
1558.2500000001,-39.30891983518847
1558.2600000001,-41.39076120870557
1558.2700000001,-42.95591967576379
1558.2800000001,-46.26509527096324
1558.2900000001,-49.933349317599955
1558.3000000001,-52.24400592330702
1558.3100000001,-49.22185329913373
1558.3200000001,-44.432746067243
1558.3300000001002,-41.69944127092029
1558.3400000001002,-39.78742515816921
1558.3500000001002,-38.07488601107326
1558.3600000001002,-36.858537448540204
1558.3700000001002,-35.89939449347652
1558.3800000001002,-34.78797472807369
1558.3900000001001,-34.20115167544104
1558.4000000001001,-33.577765214380555
1558.4100000001001,-32.98690358938879
1558.4200000001001,-32.62606202586658
1558.4300000001,-32.04128117941303
1558.4400000001,-31.66774160338332
1558.4500000001,-31.44461202948968
1558.4600000001,-31.05380095271533
1558.4700000001,-30.902051668617485
1558.4800000001,-30.538289361060066
1558.4900000001,-30.27771967767321
1558.5000000001,-30.128619801273846
1558.5100000001,-30.033663751877175
1558.5200000001,-29.842730279097882
1558.5300000001,-29.727844417052765
1558.5400000001,-29.543187110263847
1558.5500000001,-29.38237575096185
1558.5600000001,-29.25965353998677
1558.5700000001,-29.187040213673686
1558.5800000001002,-29.07413500530309
1558.5900000001002,-28.922908757117327
1558.6000000001002,-28.8617854756344
1558.6100000001002,-28.72616016866225
1558.6200000001002,-28.616511757142643
1558.6300000001002,-28.56519750533858
1558.6400000001001,-28.495128596834903
1558.6500000001001,-28.40147460209423
1558.6600000001001,-28.325923909006026
1558.6700000001001,-28.28547079897649
1558.6800000001,-28.20846303742506
1558.6900000001,-28.08805856477342
1558.7000000001,-28.025288910040217
1558.7100000001,-27.860111645391292
1558.7200000001,-27.888679270645675
1558.7300000001,-27.824231041762253
1558.7400000001,-27.729929208419218
1558.7500000001,-27.726839045471827
1558.7600000001,-27.708438605100078
1558.7700000001,-27.56173642665506
1558.7800000001,-27.502941280316296
1558.7900000001,-27.503127089220946
1558.8000000001,-27.436988190617754
1558.8100000001,-27.323044920593507
1558.8200000001,-27.255325210552208
1558.8300000001002,-27.262130735104897
1558.8400000001002,-27.224729050309968
1558.8500000001002,-27.095865330303827
1558.8600000001002,-27.034304634897683
1558.8700000001002,-26.99729493225472
1558.8800000001002,-26.971523873877846
1558.8900000001001,-26.868498282410144
1558.9000000001001,-26.842230567979144
1558.9100000001001,-26.76156312526784
1558.9200000001001,-26.75405351792603
1558.9300000001,-26.68906475384837
1558.9400000001,-26.59593858218459
1558.9500000001,-26.55112071157272
1558.9600000001,-26.447640114001217
1558.9700000001,-26.410709595297966
1558.9800000001,-26.396584589649073
1558.9900000001,-26.346535884574944
1559.0000000001,-26.28268242963356
1559.0100000001,-26.207901568341732
1559.0200000001,-26.178157791520754
1559.0300000001,-26.107865682750813
1559.0400000001,-26.076150314819174
1559.0500000001,-26.036066525575915
1559.0600000001,-25.97142024388541
1559.0700000001,-25.93022587239066
1559.0800000001002,-25.85730724737659
1559.0900000001002,-25.743968566177674
1559.1000000001002,-25.82549646910313
1559.1100000001002,-25.702893974103024
1559.1200000001002,-25.61400474101683
1559.1300000001002,-25.541739514036998
1559.1400000001001,-25.54053386457283
1559.1500000001001,-25.49640808134466
1559.1600000001001,-25.42189750226865
1559.1700000001001,-25.33977483315446
1559.1800000001,-25.327525174724585
1559.1900000001,-25.275312854073377
1559.2000000001,-25.22863159276431
1559.2100000001,-25.135307232170252
1559.2200000001,-25.072721461070678
1559.2300000001,-24.99956476334706
1559.2400000001,-24.96561877655488
1559.2500000001,-24.904103040192048
1559.2600000001,-24.851955037113363
1559.2700000001,-24.830637931937915
1559.2800000001,-24.77404928925631
1559.2900000001,-24.662972675098697
1559.3000000001,-24.63318011289036
1559.3100000001,-24.50870992120478
1559.3200000001,-24.455254802810362
1559.3300000001002,-24.429966123371507
1559.3400000001002,-24.382417121561737
1559.3500000001002,-24.31458992540437
1559.3600000001002,-24.279016580070795
1559.3700000001002,-24.20425230468323
1559.3800000001002,-24.08894073894553
1559.3900000001001,-24.036425074675893
1559.4000000001001,-23.962291435864547
1559.4100000001001,-23.894839561485885
1559.4200000001001,-23.817449266538887
1559.4300000001,-23.85618432724753
1559.4400000001,-23.779381820868828
1559.4500000001,-23.708961621234547
1559.4600000001,-23.66781045910141
1559.4700000001,-23.575606235303578
1559.4800000001,-23.522991853812528
1559.4900000001,-23.391825039311126
1559.5000000001,-23.319899403074388
1559.5100000001,-23.261679518824003
1559.5200000001,-23.149441605374406
1559.5300000001,-23.154965752291208
1559.5400000001,-23.178145737307318
1559.5500000001,-23.02145776922409
1559.5600000001,-22.948267670888427
1559.5700000001,-22.906927259946084
1559.5800000001002,-22.83327800859819
1559.5900000001002,-22.73698420319991
1559.6000000001002,-22.682046275111098
1559.6100000001002,-22.58134845409691
1559.6200000001002,-22.495585198020596
1559.6300000001002,-22.421681360332407
1559.6400000001001,-22.377623570604893
1559.6500000001001,-22.294056227782747
1559.6600000001001,-22.21149465619937
1559.6700000001001,-22.11882847833651
1559.6800000001,-22.04544965544455
1559.6900000001,-21.994479223073313
1559.7000000001,-21.9226255453628
1559.7100000001,-21.78894923319345
1559.7200000001,-21.67421189769467
1559.7300000001,-21.62373778905745
1559.7400000001,-21.49864410060779
1559.7500000001,-21.460887128540453
1559.7600000001,-21.35948832580158
1559.7700000001,-21.26541430112649
1559.7800000001,-21.20052424574819
1559.7900000001,-21.104211358886687
1559.8000000001,-21.046440425987974
1559.8100000001,-20.953278187414757
1559.8200000001,-20.85644441171508
1559.8300000001002,-20.736332016264434
1559.8400000001002,-20.625123510346455
1559.8500000001002,-20.506295081025527
1559.8600000001002,-20.444331438743134
1559.8700000001002,-20.342712942828317
1559.8800000001002,-20.295024382451913
1559.8900000001001,-20.18310625715354
1559.9000000001001,-20.091119503709848
1559.9100000001001,-19.973881270830994
1559.9200000001001,-19.787866612879817
1559.9300000001,-19.700602491761593
1559.9400000001,-19.639712152270334
1559.9500000001,-19.49746341069631
1559.9600000001,-19.473492626313185
1559.9700000001,-19.301251031939735
1559.9800000001,-19.25144824897956
1559.9900000001,-19.130509780096283
1560.0000000001,-18.90374216358999
1560.0100000001,-18.887486742506976
1560.0200000001,-18.78154311282392
1560.0300000001,-18.579513160412517
1560.0400000001,-18.495378405115368
1560.0500000001,-18.386646694457237
1560.0600000001,-18.272702091089336
1560.0700000001,-18.13485607641427
1560.0800000001002,-17.98925838402155
1560.0900000001002,-17.81808361199237
1560.1000000001002,-17.632560466773153
1560.1100000001002,-17.569033588499142
1560.1200000001002,-17.469482741729855
1560.1300000001002,-17.32832573694722
1560.1400000001001,-17.215808039957096
1560.1500000001001,-17.08614308491625
1560.1600000001001,-16.8602418741652
1560.1700000001001,-16.766143657069563
1560.1800000001,-16.59238418375
1560.1900000001,-16.439820810216307
1560.2000000001,-16.302206406267967
1560.2100000001,-16.132364296701525
1560.2200000001,-15.96083282939572
1560.2300000001,-15.754599207845084
1560.2400000001,-15.602721632005954
1560.2500000001,-15.432640805883793
1560.2600000001,-15.249874691752305
1560.2700000001,-15.128508050432615
1560.2800000001,-14.990217993255161
1560.2900000001,-14.752168321793322
1560.3000000001,-14.56704191203756
1560.3100000001,-14.324962096574037
1560.3200000001,-14.149753195090096
1560.3300000001002,-13.979179719590405
1560.3400000001002,-13.78526506925751
1560.3500000001002,-13.570781512009823
1560.3600000001002,-13.375576404592879
1560.3700000001002,-13.15630998593619
1560.3800000001002,-12.882321904613324
1560.3900000001001,-12.693379366739999
1560.4000000001001,-12.376571648602683
1560.4100000001001,-12.133399293335778
1560.4200000001001,-11.908120426582125
1560.4300000001,-11.68230998162128
1560.4400000001,-11.428849644210901
1560.4500000001,-11.181266490513613
1560.4600000001,-10.967292540139415
1560.4700000001,-10.69939235735382
1560.4800000001,-10.507200757729995
1560.4900000001,-10.17361338621371
1560.5000000001,-9.918437203822108
1560.5100000001,-9.639178518630445
1560.5200000001,-9.287133453275294
1560.5300000001,-9.009658148907873
1560.5400000001,-8.775571534364502
1560.5500000001,-8.505135827831207
1560.5600000001,-8.361929184365735
1560.5700000001,-8.109317396428935
1560.5800000001002,-7.877419549949592
1560.5900000001002,-7.638300161782732
1560.6000000001002,-7.497245049998292
1560.6100000001002,-7.567387144734326
1560.6200000001002,-8.4619956580204
1560.6300000001002,-9.165070780028943
1560.6400000001001,-7.454898514252173
1560.6500000001001,-6.831627823666731
1560.6600000001001,-6.55196724253903
1560.6700000001001,-6.50702278551453
1560.6800000001,-6.510633853420363
1560.6900000001,-6.521467507283908
1560.7000000001,-6.582302626369626
1560.7100000001,-6.693861110420619
1560.7200000001,-6.791735645867258
1560.7300000001,-6.978257698218567
1560.7400000001,-7.125112518159017
1560.7500000001,-7.391292418057401
1560.7600000001,-7.642652710170086
1560.7700000001,-7.896164201060304
1560.7800000001,-8.194820156455727
1560.7900000001,-8.465258681457712
1560.8000000001,-8.76491235561562
1560.8100000001,-9.087883087634607
1560.8200000001,-9.363363179649065
1560.8300000001002,-9.619805888697588
1560.8400000001002,-9.968414406565314
1560.8500000001002,-10.238700454752191
1560.8600000001002,-10.573203543398726
1560.8700000001002,-10.856520054849057
1560.8800000001002,-11.165187271136546
1560.8900000001001,-11.482655079529538
1560.9000000001001,-11.811379634248018
1560.9100000001001,-12.07246122592512
1560.9200000001001,-12.268528260090699
1560.9300000001,-12.536043443502951
1560.9400000001,-12.78712859748637
1560.9500000001,-13.047078908224869
1560.9600000001,-13.316538588742802
1560.9700000001,-13.590561850683514
1560.9800000001,-13.822528768534127
1560.9900000001,-14.054189220243805
1561.0000000001,-14.288357617377304
1561.0100000001,-14.515556899516387
1561.0200000001,-14.812380471117502
1561.0300000001,-15.001392399742816
1561.0400000001,-15.209719678470222
1561.0500000001,-15.416736639134367
1561.0600000001,-15.566138011044583
1561.0700000001,-15.73906134213061
1561.0800000001002,-15.966158305077938
1561.0900000001002,-16.22310311251821
1561.1000000001002,-16.490008088461842
1561.1100000001002,-16.682451058746445
1561.1200000001002,-16.830464269790347
1561.1300000001002,-16.997591883181798
1561.1400000001001,-17.21816628743113
1561.1500000001001,-17.406363084527147
1561.1600000001001,-17.58307305043846
1561.1700000001001,-17.711356925800448
1561.1800000001,-17.886781987267884
1561.1900000001,-18.05087066265618
1561.2000000001,-18.213677527505368
1561.2100000001,-18.38700794502178
1561.2200000001,-18.58455121743424
1561.2300000001,-18.703373134496182
1561.2400000001,-18.961628806013053
1561.2500000001,-19.093349110596286
1561.2600000001,-19.26108996952707
1561.2700000001,-19.43636147014204
1561.2800000001,-19.558317536049266
1561.2900000001,-19.62012177973404
1561.3000000001,-19.79768415562273
1561.3100000001,-19.944055655911676
1561.3200000001,-20.151720138073557
1561.3300000001002,-20.256704840787897
1561.3400000001002,-20.395994012178328
1561.3500000001002,-20.524719488266822
1561.3600000001002,-20.635560833901817
1561.3700000001002,-20.806747143690707
1561.3800000001002,-20.95446065916846
1561.3900000001001,-21.081055071168112
1561.4000000001001,-21.23105695141856
1561.4100000001001,-21.338829130673137
1561.4200000001001,-21.503092988209062
1561.4300000001,-21.59014228568271
1561.4400000001,-21.77386392382867
1561.4500000001,-21.91445885842546
1561.4600000001,-22.036670675976453
1561.4700000001,-22.15873537770915
1561.4800000001,-22.20282611005969
1561.4900000001,-22.388849560002654
1561.5000000001,-22.43529606048756
1561.5100000001,-22.61355783825367
1561.5200000001,-22.745738235171412
1561.5300000001,-22.80348975757406
1561.5400000001,-22.964067112423177
1561.5500000001,-23.114063105069537
1561.5600000001,-23.266303606167288
1561.5700000001,-23.426298472470336
1561.5800000001002,-23.535483609033164
1561.5900000001002,-23.63029911789916
1561.6000000001002,-23.71389880161505
1561.6100000001002,-23.77771373070376
1561.6200000001002,-23.83997164969476
1561.6300000001002,-23.984190463344348
1561.6400000001001,-24.122738903681544
1561.6500000001001,-24.16759055373952
1561.6600000001001,-24.304954221932267
1561.6700000001001,-24.38597324268264
1561.6800000001,-24.539283429681017
1561.6900000001,-24.639965430376108
1561.7000000001,-24.803467810476295
1561.7100000002001,-24.790342091664645
1561.7200000002001,-24.946800631440063
1561.7300000001,-24.979930766370835
1561.7400000002,-25.10619243121532
1561.7500000002,-25.243555084578603
1561.7600000002,-25.394333994388496
1561.7700000002,-25.50428003687657
1561.7800000002,-25.619765301826224
1561.7900000002,-25.655000059624502
1561.8000000002,-25.77305546670845
1561.8100000002,-25.8560623000244
1561.8200000002,-26.00609030150478
1561.8300000002,-26.06238418900759
1561.8400000002,-26.173885201478836
1561.8500000002,-26.21901484557613
1561.8600000002,-26.327696137939085
1561.8700000002,-26.446267117323643
1561.8800000002002,-26.54068028362815
1561.8900000002002,-26.603377371342113
1561.9000000002002,-26.796901704841684
1561.9100000002002,-26.848089080785126
1561.9200000002002,-26.927239731339718
1561.9300000002002,-26.987186859078523
1561.9400000002001,-27.053437785238227
1561.9500000002001,-27.1202961452303
1561.9600000002001,-27.298083932546735
1561.9700000002001,-27.31105464746075
1561.9800000002,-27.48020881247569
1561.9900000002,-27.540036989421974
1562.0000000002,-27.617558077940334
1562.0100000002,-27.702744337202706
1562.0200000002,-27.84411873015661
1562.0300000002,-27.907362658765532
1562.0400000002,-28.063388043775618
1562.0500000002,-28.13498061948863
1562.0600000002,-28.2278806760411
1562.0700000002,-28.28398320790444
1562.0800000002,-28.38883549113275
1562.0900000002,-28.44914120036496
1562.1000000002,-28.513820913834845
1562.1100000002,-28.575998326141146
1562.1200000002,-28.73181886170943
1562.1300000002002,-28.819619743131693
1562.1400000002002,-28.915538686282257
1562.1500000002002,-29.024063645820107
1562.1600000002002,-29.096039436687114
1562.1700000002002,-29.230105157524303
1562.1800000002002,-29.311176498148797
1562.1900000002001,-29.355800303063436
1562.2000000002001,-29.405832663244578
1562.2100000002001,-29.46646822213204
1562.2200000002001,-29.566226490786743
1562.2300000002,-29.638349491115417
1562.2400000002,-29.720174778223466
1562.2500000002,-29.98241755744702
1562.2600000002,-29.926152330480647
1562.2700000002,-29.976907571591397
1562.2800000002,-30.145508069880826
1562.2900000002,-30.26688087753261
1562.3000000002,-30.292075778230743
1562.3100000002,-30.361219518550257
1562.3200000002,-30.394319626256994
1562.3300000002,-30.50423167336064
1562.3400000002,-30.576670246814643
1562.3500000002,-30.676410914968237
1562.3600000002,-30.739321523350927
1562.3700000002,-30.824555011465115
1562.3800000002002,-31.008342316393733
1562.3900000002002,-30.87791818830044
1562.4000000002002,-31.09488647165351
1562.4100000002002,-31.180798542411075
1562.4200000002002,-31.193815944039706
1562.4300000002002,-31.34011325688728
1562.4400000002001,-31.402272948861025
1562.4500000002001,-31.519308452092606
1562.4600000002001,-31.560894895438377
1562.4700000002001,-31.765500458494774
1562.4800000002,-31.804560009964312
1562.4900000002,-31.83504674200348
1562.5000000002,-31.907398390939253
1562.5100000002,-32.15012861237034
1562.5200000002,-32.09880576415455
1562.5300000002,-32.18551982595824
1562.5400000002,-32.2692226267974
1562.5500000002,-32.32440356688987
1562.5600000002,-32.43946815584499
1562.5700000002,-32.51702444728139
1562.5800000002,-32.597627890984874
1562.5900000002,-32.71912318555118
1562.6000000002,-32.83047940644518
1562.6100000002,-32.90373619981212
1562.6200000002,-32.91991378642795
1562.6300000002002,-32.95706807311368
1562.6400000002002,-33.03348473887604
1562.6500000002002,-33.21267992724063
1562.6600000002002,-33.20980007244393
1562.6700000002002,-33.234448606558374
1562.6800000002002,-33.46062270052872
1562.6900000002001,-33.43813453540241
1562.7000000002001,-33.57073432909853
1562.7100000002001,-33.727657204285705
1562.7200000002001,-33.74651141289209
1562.7300000002,-33.86508888456811
1562.7400000002,-33.81658051750847
1562.7500000002,-33.92566830589933
1562.7600000002,-34.05657021167861
1562.7700000002,-34.096911554318154
1562.7800000002,-34.33286473955398
1562.7900000002,-34.28680610673168
1562.8000000002,-34.381200292305614
1562.8100000002,-34.44874855436777
1562.8200000002,-34.587029567108225
1562.8300000002,-34.69524748430692
1562.8400000002,-34.811574824072736
1562.8500000002,-34.805637573106104
1562.8600000002,-34.74658736547121
1562.8700000002,-35.03946404890284
1562.8800000002002,-35.08651804157242
1562.8900000002002,-35.207961327343284
1562.9000000002002,-35.1987860096811
1562.9100000002002,-35.25281142141051
1562.9200000002002,-35.390986739845545
1562.9300000002002,-35.43529308878489
1562.9400000002001,-35.39419633624527
1562.9500000002001,-35.513078160364515
1562.9600000002001,-35.562036022688446
1562.9700000002001,-35.743743382382796
1562.9800000002,-35.641682798100156
1562.9900000002,-35.85639576846691
1563.0000000002,-36.00096132406455
1563.0100000002,-35.992559582843455
1563.0200000002,-35.958870777547595
1563.0300000002,-36.2377299463883
1563.0400000002,-36.16327325077091
1563.0500000002,-36.29719055473471
1563.0600000002,-36.490347022480336
1563.0700000002,-36.54775289770319
1563.0800000002,-36.70411167750535
1563.0900000002,-36.67598777727854
1563.1000000002,-36.81021659288486
1563.1100000002,-36.9574307041259
1563.1200000002,-37.04812335657177
1563.1300000002002,-37.034410557917596
1563.1400000002002,-36.960932793544714
1563.1500000002002,-37.057283024131465
1563.1600000002002,-37.29684822374219
1563.1700000002002,-37.43555969958609
1563.1800000002002,-37.44644572240796
1563.1900000002001,-37.65072168492524
1563.2000000002001,-37.559750468498606
1563.2100000002001,-37.77317425983477
1563.2200000002001,-37.76206537859695
1563.2300000002,-37.715480384634795
1563.2400000002,-37.927860666715524
1563.2500000002,-38.116044775679015
1563.2600000002,-38.06862895580489
1563.2700000002,-38.19300451958755
1563.2800000002,-38.38234999910768
1563.2900000002,-38.32556981859433
1563.3000000002,-38.381990349966166
1563.3100000002,-38.587454432157486
1563.3200000002,-38.78104433158315
1563.3300000002,-38.618581393788695
1563.3400000002,-38.65892694169162
1563.3500000002,-38.770757239098195
1563.3600000002,-39.012729172705896
1563.3700000002,-39.12903797318789
1563.3800000002002,-38.97214909238588
1563.3900000002002,-39.18345213882258
